Time (s),Channel 7,Channel 5,Channel 6,Channel 8,Channel 25,Channel 23,Channel 24,Channel 26,Channel 27,Channel 1,Channel 2,Channel 14,Channel 16,Channel 17
0.0000000000e+000,7.4853466585e+007,2.4007565110e+007,1.5024810144e+008,5.0829185578e+006,6.1337404308e+007,1.6389912706e+008,2.6838292347e+007,5.1120057399e+007,9.1977365141e+007,4.3157635983e+007,3.6735306477e+007,4.6828310166e+007,2.3255845188e+009,1.9175463962e+008
5.0000000000e-001,3.2868905665e+008,1.2591751940e+008,6.4952356195e+008,2.2533825129e+007,2.8007994980e+008,7.8386799203e+008,1.1216540850e+008,2.3231769837e+008,4.1407285710e+008,2.0105907328e+008,1.8139816716e+008,2.0930376030e+008,1.0281337294e+010,9.2428508856e+008
1.0000000000e+000,1.5506322375e+009,6.2314520317e+008,3.0877536925e+009,1.0369894263e+008,1.3022844419e+009,3.7230935533e+009,5.5269922522e+008,1.1469658773e+009,1.8674856604e+009,9.1148279398e+008,8.7696177079e+008,9.1315077545e+008,4.9181366644e+010,4.7030824426e+009
1.5000000000e+000,6.6156896262e+009,2.7086744782e+009,1.5049180639e+010,4.8445069529e+008,5.9638032087e+009,1.5512543391e+010,2.2373960012e+009,5.7883940278e+009,8.1715674335e+009,4.2645057872e+009,4.1059731408e+009,4.1296105750e+009,2.0618424764e+011,2.0793376245e+010
2.0000000000e+000,3.2093473350e+010,1.2550377628e+010,6.0423639552e+010,2.2147840643e+009,2.7851680872e+010,6.7249965552e+010,1.0497747687e+010,2.3246435798e+010,3.9561836220e+010,1.9521932932e+010,1.8076555486e+010,1.9457386596e+010,8.8005274524e+011,9.8578311381e+010
2.5000000000e+000,1.5158477809e+011,5.8064730081e+010,2.7233879646e+011,1.1285508252e+010,1.2266168445e+011,2.7600738334e+011,5.1126794914e+010,9.7307586841e+010,1.7574573686e+011,9.2398352425e+010,8.5114274968e+010,8.5914443884e+010,3.8577742830e+012,4.9388384424e+011
3.0000000000e+000,6.2230900218e+011,2.5865291037e+011,1.2785568696e+012,5.6690925055e+010,5.6583362281e+011,1.1228199749e+012,2.5505238530e+011,4.6638313816e+011,7.8681126813e+011,3.6338300862e+011,4.0750068197e+011,3.8059243568e+011,1.7448443948e+013,2.5394015340e+012
3.5000000000e+000,2.5309365690e+012,1.0804964703e+012,5.5275502044e+012,2.9633837266e+011,2.6698208870e+012,4.8258085277e+012,1.2254685667e+012,2.2307310145e+012,3.9090868618e+012,1.6004906318e+012,1.8834714897e+012,1.7551599726e+012,7.7945058247e+013,1.1262144553e+013
4.0000000000e+000,9.9982784991e+012,4.5560426765e+012,2.3260162096e+013,1.2303165926e+012,1.2705985073e+013,1.9772762570e+013,5.4764024156e+012,9.7687324019e+012,2.0363426386e+013,7.1931531446e+012,7.7605161133e+012,7.7635484584e+012,3.5029127004e+014,4.8587278628e+013
4.5000000000e+000,4.2315417855e+013,2.0736813789e+013,9.9192248845e+013,5.7987853474e+012,5.2491877613e+013,8.0813906693e+013,2.5101321873e+013,4.8159857294e+013,1.0324951778e+014,3.1715637382e+013,3.7901638054e+013,3.2283186834e+013,1.5250559281e+015,2.3513008994e+014
5.0000000000e+000,1.7210586699e+014,8.8589230517e+013,5.0258788118e+014,2.4827562601e+013,2.2458049103e+014,2.9796226650e+014,1.1523193007e+014,2.2645332870e+014,4.8511815630e+014,1.4940241047e+014,1.5949736364e+014,1.4132969852e+014,6.5401660116e+015,1.0886727946e+015
5.5000000000e+000,7.6263878967e+014,3.4126405928e+014,2.1106969865e+015,1.1738009624e+014,1.1257172269e+015,1.2180728051e+015,5.3900384134e+014,1.0187895173e+015,2.0845252698e+015,6.2365787119e+014,7.7065578696e+014,6.2583069522e+014,2.5331937109e+016,5.2470705251e+015
6.0000000000e+000,3.6323475405e+015,1.3068789877e+015,8.1490329816e+015,5.1413536805e+014,5.0356888986e+015,5.7470244608e+015,2.1946919484e+015,4.4937113317e+015,1.0117226772e+016,2.5877913672e+015,3.7778620366e+015,2.8085670455e+015,9.9328943657e+016,2.2133799366e+016
6.5000000000e+000,1.7206500545e+016,5.7558787753e+015,3.5129787705e+016,2.2482327709e+015,2.1398146003e+016,2.7429471015e+016,1.0182354623e+016,1.8879236164e+016,4.5171647061e+016,1.1928547631e+016,1.9441738707e+016,1.3692661798e+016,4.6554688509e+017,9.9414442231e+016
7.0000000000e+000,9.5628686594e+016,2.9660355571e+016,1.8229174116e+017,1.0476554211e+016,1.1018220523e+017,1.3937178940e+017,4.6501217096e+016,8.4690107623e+016,2.4620065028e+017,6.1745858054e+016,9.5675637297e+016,6.7020976534e+016,2.4335595552e+018,4.2971647080e+017
7.5000000000e+000,4.9028335735e+017,1.2220358263e+017,8.9552505926e+017,5.3922586044e+016,6.0231562597e+017,7.1202993787e+017,2.5242099802e+017,4.0185823419e+017,1.2264246194e+018,3.4546596377e+017,4.7439976148e+017,3.0514231963e+017,1.3037187529e+019,2.0492265320e+018
8.0000000000e+000,2.7462665134e+018,6.2291324778e+017,4.3125224118e+018,2.7590352025e+017,2.8860512550e+018,3.5431039978e+018,1.2925933179e+018,1.8622634880e+018,6.5678821102e+018,1.6760835354e+018,2.2112149730e+018,1.5549394063e+018,6.9651675157e+019,9.6196733569e+018
8.5000000000e+000,1.3587576693e+019,3.3183106205e+018,2.1237052759e+019,1.6026409808e+018,1.5827135661e+019,1.7447175469e+019,6.7318696484e+018,8.5012281056e+018,3.4714372475e+019,7.9224199965e+018,9.7888089313e+018,7.9698312145e+018,3.3725390324e+020,4.8043729847e+019
9.0000000000e+000,6.9365689142e+019,1.5511786602e+019,9.7013409138e+019,8.1383587961e+018,8.0565543570e+019,8.8491417023e+019,3.3348082393e+019,4.5550156667e+019,1.7956205028e+020,3.7676441677e+019,4.6028809097e+019,4.0838795103e+019,1.5929420091e+021,2.3958892002e+020
9.5000000000e+000,3.4878301133e+020,7.8899528564e+019,4.8200234298e+020,3.7786249671e+019,4.2336616902e+020,4.4536717835e+020,1.6014607540e+020,2.1941591861e+020,9.2861369752e+020,1.6023438600e+020,2.2130501825e+020,2.0034654103e+020,8.1966216956e+021,1.1793951157e+021
1.0000000000e+001,1.7726514794e+021,3.6255246764e+020,2.0277997033e+021,1.9852462188e+020,2.0074544183e+021,2.0679257092e+021,8.2729692206e+020,9.1888801379e+020,4.7679349507e+021,7.7227941972e+020,1.0366078308e+021,9.5819121887e+020,3.6873827406e+022,5.8635392206e+021
1.0500000000e+001,8.1672673741e+021,1.6478304973e+021,1.0488729576e+022,9.4748850113e+020,9.6819834900e+021,1.0280571546e+022,4.6386811278e+021,4.3069744123e+021,2.4092376230e+022,4.0111698197e+021,4.7302931661e+021,5.0371829191e+021,1.8973411275e+023,2.6983741397e+022
1.1000000000e+001,4.1313082893e+022,7.9879376432e+021,4.8467333419e+022,4.9814345369e+021,4.7863573146e+022,4.9127812794e+022,2.2878596365e+022,1.9836664110e+022,1.1679639988e+023,1.9699740447e+022,2.3036446572e+022,2.5602481168e+022,8.7376975667e+023,1.3500794207e+023
1.1500000000e+001,2.1335558627e+023,3.7460975586e+022,2.4158418337e+023,2.4832185993e+022,2.5435414411e+023,2.2783726854e+023,1.1140888951e+023,1.1070166689e+023,5.1874026979e+023,9.6133674569e+022,1.1323621069e+023,1.1870845486e+023,3.9281601366e+024,7.3835567073e+023
1.2000000000e+001,1.1540952768e+024,1.7929575811e+023,1.1397756248e+024,1.2519565528e+023,1.3272434858e+024,9.7820691406e+023,4.9010252871e+023,5.5194703185e+023,2.5910982380e+024,4.7897526071e+023,5.7116996065e+023,5.6894944195e+023,1.9550438159e+025,3.6981040708e+024
1.2500000000e+001,5.6883104883e+024,9.1107604054e+023,5.2104479948e+024,6.6583868264e+023,5.4932063673e+024,4.8422369653e+024,2.2053150000e+024,2.6367195386e+024,1.2235949466e+025,2.1844855028e+024,2.6844404504e+024,2.6823743069e+024,9.4213027909e+025,1.9114097194e+025
1.3000000000e+001,2.8181184580e+025,4.4501922388e+024,2.3908035833e+025,3.0156160756e+024,2.5374319068e+025,2.4044646691e+025,9.4060944660e+024,1.3027351646e+025,5.9091177148e+025,1.0848179755e+025,1.1804213526e+025,1.1342612251e+025,4.4063595294e+026,9.6464999973e+025
1.3500000000e+001,1.4116126514e+026,2.1318699582e+025,1.0917716340e+026,1.4736270860e+025,1.2556538725e+026,1.0407971437e+026,4.7573061610e+025,6.6688540993e+025,2.8577440067e+026,5.2847156092e+025,6.1368316615e+025,4.9472404415e+025,1.9724569084e+027,4.9746523596e+026
1.4000000000e+001,7.1015527638e+026,1.0727682002e+026,6.0053147261e+026,6.9286047710e+025,5.9147666853e+026,5.1471201426e+026,2.4456906653e+026,3.4523301882e+026,1.3276048185e+027,2.3695881924e+026,2.9595217677e+026,2.4239956762e+026,9.1282470364e+027,2.5168786091e+027
1.4500000000e+001,3.5555028939e+027,4.9012229706e+026,2.7534219923e+027,2.9291971463e+026,2.6133339466e+027,2.5928160332e+027,1.1824515897e+027,1.5654580192e+027,5.9103864726e+027,1.1394085366e+027,1.4426782518e+027,1.1706088904e+027,4.3401213342e+028,1.1714315414e+028
1.5000000000e+001,1.5703058041e+028,2.1170880776e+027,1.1075171476e+028,1.4017084816e+027,1.2947008757e+028,1.1684066807e+028,5.7382828327e+027,8.3657076131e+027,2.6864136294e+028,4.8946429783e+027,7.0700544116e+027,5.8686147277e+027,2.0545223015e+029,5.4530112515e+028
1.5500000000e+001,7.3427137312e+028,9.5421321595e+027,4.7775889996e+028,7.1726424355e+027,5.6325581453e+028,4.6275263986e+028,2.6199797945e+028,4.0103848509e+028,1.2115073132e+029,2.3063840679e+028,3.2553574133e+028,2.5268388670e+028,8.8338243348e+029,2.6823982886e+029
1.6000000000e+001,3.0172027290e+029,4.2075969060e+028,2.1328549829e+029,3.3639583273e+028,2.6079008874e+029,1.9563625119e+029,1.2147399964e+029,1.7625801017e+029,5.4183018394e+029,1.1096529924e+029,1.4038642343e+029,1.2174998422e+029,3.9880128518e+030,1.3970805170e+030
1.6500000000e+001,1.4462624305e+030,2.0449979741e+029,9.7483778577e+029,1.4612896786e+029,1.1940025109e+030,8.0363827689e+029,5.7697296090e+029,8.8930726106e+029,2.6997846746e+030,4.8407678684e+029,6.9531649263e+029,5.5355867977e+029,1.8950445074e+031,6.3585979532e+030
1.7000000000e+001,6.7455078060e+030,1.0719774777e+030,4.4781456169e+030,6.0300245462e+029,5.1026147530e+030,4.0705818790e+030,2.6024819259e+030,4.4024751042e+030,1.1623098449e+031,2.3969117877e+030,3.1299186997e+030,2.6943078047e+030,8.4204068959e+031,2.6700224386e+031
1.7500000000e+001,2.6955969853e+031,5.1569015609e+030,2.1977823780e+031,3.0440373939e+030,2.4309047349e+031,1.7778046867e+031,1.2435807156e+031,2.0629503744e+031,5.0679803360e+031,1.1184934141e+031,1.3470601984e+031,1.1978931790e+031,3.9748063535e+032,1.1806615292e+032
1.8000000000e+001,1.2900945356e+032,2.2661768853e+031,1.0437241980e+032,1.5969772531e+031,1.1715994403e+032,8.4467063043e+031,5.5099803609e+031,9.0337624980e+031,2.1313056618e+032,5.2381366458e+031,5.6520339907e+031,5.6205300562e+031,1.7629601734e+033,5.2584477126e+032
1.8500000000e+001,5.7440632714e+032,1.0746607099e+032,5.3287085299e+032,7.0425045997e+031,5.3505100289e+032,3.6029913651e+032,2.5279012234e+032,3.8356938324e+032,8.8061219613e+032,2.2365326182e+032,2.5992033434e+032,2.8316270197e+032,8.6314276021e+033,2.5125018950e+033
1.9000000000e+001,2.7671454125e+033,4.7540434740e+032,2.2932100805e+033,3.0030766872e+032,2.3319861499e+033,1.4850736527e+033,1.2259745036e+033,1.6923343369e+033,4.0832592352e+033,1.0040079724e+033,1.1676302632e+033,1.3079707618e+033,3.8794896248e+034,1.2877942469e+034
1.9500000000e+001,1.2467281870e+034,2.0042228757e+033,9.8913976562e+033,1.3954651280e+033,1.1248710322e+034,6.4354545498e+033,5.2588998961e+033,7.0643177656e+033,1.8755966344e+034,4.3628813668e+033,5.2362779501e+033,5.7408261434e+033,1.7421484439e+035,5.5890208339e+034
2.0000000000e+001,5.2951595438e+034,7.8216682878e+033,4.2315842885e+034,5.5510917726e+033,4.4188892915e+034,2.8536194463e+034,2.3484300931e+034,3.3337810993e+034,9.3234857310e+034,1.9352858351e+034,2.2295204173e+034,2.4635517037e+034,7.4514655973e+035,2.3399859890e+035
2.0500000000e+001,2.5621980642e+035,3.6284559993e+034,1.8257949664e+035,2.3056736370e+034,1.7328663165e+035,1.4666749296e+035,9.7237032594e+034,1.4243573821e+035,4.3225641137e+035,8.1015222432e+034,9.9390656020e+034,1.1747596802e+035,3.5126422991e+036,9.7583671787e+035
2.1000000000e+001,1.2482515134e+036,1.4602776582e+035,8.4453187215e+035,1.2025337921e+035,8.8069166873e+035,7.8661305499e+035,4.3818086785e+035,6.7692384138e+035,1.9209382415e+036,3.6287992213e+035,4.4054030804e+035,5.8681958656e+035,1.7854418730e+037,4.9426198161e+036
2.1500000000e+001,5.7091951383e+036,6.0143618309e+035,4.1186428041e+036,5.8648790784e+035,4.4028535578e+036,4.1042648265e+036,2.1853247970e+036,2.8053133752e+036,8.5762564271e+036,1.8518864030e+036,2.0372836320e+036,2.5380209207e+036,7.6349333574e+037,2.3861837894e+037
2.2000000000e+001,2.8334936839e+037,2.7180963110e+036,2.0394750323e+037,2.8355909924e+036,2.2501050487e+037,2.0524747772e+037,9.9102259337e+036,1.0775385945e+037,4.5314541012e+037,8.7655829000e+036,9.0403293196e+036,1.2145595756e+037,3.4795564098e+038,1.3098891175e+038
2.2500000000e+001,1.4478292747e+038,1.2200241551e+037,1.0864086956e+038,1.3814273554e+037,1.0956238878e+038,9.7627492993e+037,5.4037225316e+037,5.0669864255e+037,2.3691094005e+038,4.3187005660e+037,4.6202594635e+037,6.7025379585e+037,1.6767715553e+039,6.5095087794e+038
2.3000000000e+001,6.9092688819e+038,5.8892573858e+037,5.9886531604e+038,5.7607642949e+037,5.4981133697e+038,4.9124771202e+038,3.2966213066e+038,2.2004518168e+038,1.2733032793e+039,1.9686890757e+038,2.5084545869e+038,3.1778126228e+038,8.9922309974e+039,3.2355717171e+039
2.3500000000e+001,3.7366833394e+039,3.1644576604e+038,2.7559533461e+039,2.9734062882e+038,2.7046940211e+039,2.3260513007e+039,1.6781476092e+039,1.0786599747e+039,5.5867376344e+039,9.0468162300e+038,1.2118411879e+039,1.4751213335e+039,4.7387608884e+040,1.7358376508e+040
2.4000000000e+001,1.9951564845e+040,1.7065333337e+039,1.2846274053e+040,1.4701656144e+039,1.3259195461e+040,1.1562718462e+040,8.3468863383e+039,5.2413143598e+039,2.7053989245e+040,4.4052050137e+039,6.2529311541e+039,7.2164157607e+039,2.3371604802e+041,9.0818622096e+040
2.4500000000e+001,8.6179681807e+040,8.2387543805e+039,6.7656664451e+040,7.3491568607e+039,6.0448361935e+040,5.2968736504e+040,4.2203107871e+040,2.7043178908e+040,1.4778889825e+041,2.1091276837e+040,3.2411395376e+040,3.6462347808e+040,1.1615473592e+042,4.6812486588e+041
2.5000000000e+001,4.5257000257e+041,3.9249371975e+040,3.3885813026e+041,3.3038728803e+040,2.9253897034e+041,2.4337215380e+041,2.0717673451e+041,1.5537481392e+041,6.8453648980e+041,1.1147714023e+041,1.7235324831e+041,1.9546111166e+041,5.9128477852e+042,2.4429308523e+042
2.5500000000e+001,1.9693001095e+042,1.9758554955e+041,1.6392324123e+042,1.7062327261e+041,1.5258633877e+042,1.1931809101e+042,1.0387005108e+042,7.2159496327e+041,2.8554640604e+042,5.4312446693e+041,8.1802681193e+041,9.9847622789e+041,3.0574509529e+043,1.2284321667e+043
2.6000000000e+001,9.2932475365e+042,1.1083482741e+042,8.5708902579e+042,7.7254660943e+041,6.8587850661e+042,5.6480267111e+042,4.8191694911e+042,3.6268041671e+042,1.4150249571e+043,2.6891237209e+042,4.1389805230e+042,5.3399810940e+042,1.2471792049e+044,6.2389000385e+043
2.6500000000e+001,4.2535822845e+043,5.8485707993e+042,4.1457367144e+043,3.7687491556e+042,2.8142231953e+043,2.7308529471e+043,2.1534752420e+043,1.8897142444e+043,6.7493918405e+043,1.2423787763e+043,2.1192558825e+043,2.5058788244e+043,6.0625526422e+044,2.7336302840e+044
2.7000000000e+001,1.9546317564e+044,2.4409752598e+043,1.9807933098e+044,1.7088432127e+043,1.3847128011e+044,1.2951835471e+044,1.0342273693e+044,9.2242508624e+043,3.5398012605e+044,6.6251081230e+043,1.1207242240e+044,1.1809219284e+044,3.1031933136e+045,1.4097214642e+045
2.7500000000e+001,1.0141427124e+045,1.2065221417e+044,9.6524325166e+044,7.9655349986e+043,6.4834494432e+044,6.6321649404e+044,5.2593163605e+044,4.4883528052e+044,1.5452847793e+045,3.0026879261e+044,5.1820629887e+044,5.8292289764e+044,1.3371509685e+046,6.1465946240e+045
2.8000000000e+001,4.7303380659e+045,5.8147011990e+044,4.3389031719e+045,3.9113132157e+044,3.0974162199e+045,3.2837085764e+045,2.7763910699e+045,2.5106796963e+045,6.9942536017e+045,1.4572783638e+045,2.4621322013e+045,2.7196295242e+045,6.5983515914e+046,2.7511834158e+046
2.8500000000e+001,2.1494584241e+046,2.8940664553e+045,2.1692327180e+046,1.8356709955e+045,1.4043518194e+046,1.5356616920e+046,1.3753370095e+046,1.0962090913e+046,3.3755016573e+046,6.4978926122e+045,1.1350209977e+046,1.4118081940e+046,3.0338547979e+047,1.3155339028e+047
2.9000000000e+001,8.6539378932e+046,1.2933446022e+046,1.0160170610e+047,8.8909906589e+045,6.8364810771e+046,7.2820413040e+046,6.4362325973e+046,4.7917892301e+046,1.8225191624e+047,3.2681357741e+046,5.8477790532e+046,7.0291536442e+046,1.3948971304e+048,6.2036817177e+047
2.9500000000e+001,3.9465108734e+047,6.2189627151e+046,4.4559979769e+047,4.0944960137e+046,3.3367976641e+047,3.2308150952e+047,2.7673989368e+047,2.4703938898e+047,8.3275047998e+047,1.5438680693e+047,2.9314881852e+047,3.3105884077e+047,6.9924463257e+048,2.9456890605e+048
3.0000000000e+001,1.9500353138e+048,2.8029682406e+047,2.2096027602e+048,1.9124064584e+047,1.7735969875e+048,1.3926437264e+048,1.2791857877e+048,1.0759697745e+048,3.6092996255e+048,7.8258325241e+047,1.2884967750e+048,1.5608949825e+048,3.4764124669e+049,1.4119309646e+049
3.0500000000e+001,8.6755123743e+048,1.1689918097e+048,1.1323758152e+049,9.3523669492e+047,8.5938720384e+048,6.0988744975e+048,5.6195172436e+048,5.5144832834e+048,1.7367461767e+049,3.9231588043e+048,5.4450593964e+048,7.2527391166e+048,1.5692176516e+050,6.7668289591e+049
3.1000000000e+001,4.0063177450e+049,5.3680484022e+048,5.4231909503e+049,4.6402062880e+048,3.8070382519e+049,2.5836228920e+049,2.5117133151e+049,2.6421336978e+049,8.0795186534e+049,1.5396530587e+049,2.1036246080e+049,3.2677178632e+049,6.5007935496e+050,3.0951635166e+050
3.1500000000e+001,1.9228002729e+050,2.2541894436e+049,2.6445492621e+050,2.1211647427e+049,1.8905128023e+050,1.2282848990e+050,1.0215467204e+050,1.2224479117e+050,3.5216308311e+050,6.9868841199e+049,9.4175928618e+049,1.4774186365e+050,2.9341774120e+051,1.5356615282e+051
3.2000000000e+001,8.8193614517e+050,1.1479225406e+050,1.2316061516e+051,9.6304935378e+049,8.3319582912e+050,5.8634915025e+050,4.6216209784e+050,4.9895116441e+050,1.5911536786e+051,3.3692467916e+050,4.4780535370e+050,6.6507639729e+050,1.3895878059e+052,6.8797295036e+051
3.2500000000e+001,3.9703289051e+051,4.7212640693e+050,5.5028309365e+051,4.3122923280e+050,3.7605687529e+051,2.9700133796e+051,2.1838638762e+051,2.3198025503e+051,6.4177870589e+051,1.5015101422e+051,1.9420471614e+051,3.0130468230e+051,5.5314068693e+052,3.1204296091e+052
3.3000000000e+001,1.7717273882e+052,2.1294918650e+051,2.2079747657e+052,1.9606055427e+051,1.7191187631e+052,1.3568869972e+052,9.8163655684e+051,1.1488672946e+052,2.8770787404e+052,6.4327235663e+051,8.8322837286e+051,1.3832142619e+052,2.4728169800e+053,1.3509350884e+053
3.3500000000e+001,7.3208220870e+052,9.8713926488e+051,1.0796565830e+053,7.7579652645e+051,8.6511203389e+052,6.6080076924e+052,4.6321116319e+052,5.2439832839e+052,1.1050155109e+053,2.8047123407e+052,3.8348486825e+052,6.4498438116e+052,1.1142665214e+054,6.2624200502e+053
3.4000000000e+001,3.7335765821e+053,4.6339407403e+052,4.5235573517e+053,3.0559459834e+052,3.7272315318e+053,2.6814494148e+053,1.9587197714e+053,2.5028314375e+053,5.0631984403e+053,1.3658316546e+053,1.8067041482e+053,3.1704296105e+053,4.5570117193e+054,2.7718798215e+054
3.4500000000e+001,1.6079918991e+054,2.1769929106e+053,2.0883052532e+054,1.3703607002e+053,1.6377822833e+054,1.0928968321e+054,9.2000793959e+053,1.1838152347e+054,2.2441340876e+054,6.6181639259e+053,8.1764408088e+053,1.3078250234e+054,1.7801842804e+055,1.4588542024e+055
3.5000000000e+001,7.0485699438e+054,9.5610855666e+053,9.8033062621e+054,6.4619078450e+053,7.4548717552e+054,4.1722395727e+054,4.2662932809e+054,5.4637432660e+054,1.0942323556e+055,2.7840760478e+054,3.8842392836e+054,5.7130283475e+054,7.8235662654e+055,7.0022835938e+055
3.5500000000e+001,3.3638954012e+055,3.7939774922e+054,4.2624890893e+055,3.2069718652e+054,2.9653351231e+055,1.8153676936e+055,2.1040513480e+055,2.5521737261e+055,5.7428298892e+055,1.2720137271e+055,1.6947688125e+055,2.6514460596e+055,3.4762972008e+056,3.0741385763e+056
3.6000000000e+001,1.6645203013e+056,1.6810032122e+055,1.7012553251e+056,1.7937238699e+055,1.1317835559e+056,8.6195804786e+055,1.1626457260e+056,1.1679384920e+056,2.8067132038e+056,6.6798130150e+055,8.9037521621e+055,1.5024145447e+056,1.5832943596e+057,1.4649713136e+057
3.6500000000e+001,7.7628384076e+056,8.2159615506e+055,7.7354221354e+056,1.0235939148e+056,4.9612775450e+056,3.9242849329e+056,5.9249071790e+056,5.4298844033e+056,1.3383027263e+057,3.3295666932e+056,4.2903777381e+056,7.6077491726e+056,7.2992681166e+057,7.0868456179e+057
3.7000000000e+001,3.7288440650e+057,4.2816560957e+056,3.4068415552e+057,4.5667275095e+056,2.2978012595e+057,1.6475028030e+057,3.1700046610e+057,2.3516314264e+057,6.7760194936e+057,1.7018114611e+057,2.2868344466e+057,3.5475767962e+057,3.7869661163e+058,3.8414919950e+058
3.7500000000e+001,1.8457623173e+058,1.9706860745e+057,1.6180421360e+058,2.5392899108e+057,1.1991869597e+058,8.2838775141e+057,1.4255261050e+058,1.0358729655e+058,3.3817426988e+058,8.7793311969e+057,1.0668893357e+058,1.8245477037e+058,1.9876322783e+059,1.9322523201e+059
3.8000000000e+001,9.2069158343e+058,9.5188364975e+057,7.9836768980e+058,1.2526298856e+058,5.7952649321e+058,4.3660688539e+058,6.5518790676e+058,4.5923100102e+058,1.8411707842e+059,4.2871645500e+058,5.0108982502e+058,8.8786203911e+058,1.0747811058e+060,9.0545382041e+059
3.8500000000e+001,4.6728612240e+059,5.0805805907e+058,3.8686204299e+059,5.8328428320e+058,2.6269397509e+059,2.1258248806e+059,3.2202890136e+059,2.0102620011e+059,9.9188600919e+059,2.1900850885e+059,2.3031262382e+059,4.7171288284e+059,5.0736891739e+060,5.0074629747e+060
3.9000000000e+001,2.1831731587e+060,2.9495489033e+059,1.9662892054e+060,2.6920656142e+059,1.4565804851e+060,1.1079072224e+060,1.6773922870e+060,1.0826052101e+060,4.7848995463e+060,1.0844781282e+060,1.1710912561e+060,2.1970130833e+060,2.3521382697e+061,2.5157412272e+061
3.9500000000e+001,9.9278347986e+060,1.5236552106e+060,1.0958719245e+061,1.3511589694e+060,6.9053851451e+060,5.5609589412e+060,8.1081830781e+060,4.8782508954e+060,2.3783733024e+061,5.4500175146e+060,5.5909473986e+060,9.5648202646e+060,1.2176386790e+062,1.2942051768e+062
4.0000000000e+001,4.6989231760e+061,7.7469022086e+060,5.5767977740e+061,6.4500666185e+060,3.7125714498e+061,3.0609208183e+061,3.4304412755e+061,2.5448211747e+061,1.1644739724e+062,3.0329389205e+061,2.5662227352e+061,4.5367329210e+061,5.2500923309e+062,7.1240832305e+062
4.0500000000e+001,2.4836192841e+062,3.5019583649e+061,2.8189701161e+062,2.8565220632e+061,1.8033794062e+062,1.6168486499e+062,1.5658847786e+062,1.2325903061e+062,5.6218011943e+062,1.5128053247e+062,1.1943565967e+062,2.1526845070e+062,2.6635470014e+063,3.5095726575e+063
4.1000000000e+001,1.2719544918e+063,1.5948968365e+062,1.4447359486e+063,1.4074769823e+062,8.1814772851e+062,7.6577687603e+062,7.1102458655e+062,6.1490382799e+062,3.0675635874e+063,7.6409869607e+062,5.6006941185e+062,1.0117866534e+063,1.3804744670e+064,1.5722768154e+064
4.1500000000e+001,6.3128043519e+063,7.7857220933e+062,6.6427959850e+063,5.4613775554e+062,3.9349280334e+063,3.9532721118e+063,3.2630508827e+063,3.1781616957e+063,1.5087387013e+064,4.2926231738e+063,2.3433416667e+063,4.5996632145e+063,6.9448809775e+064,7.0297183543e+064
4.2000000000e+001,2.9487774924e+064,3.7911389771e+063,3.3527364646e+064,2.5249943824e+063,1.9465129755e+064,2.1520517891e+064,1.7774699270e+064,1.6769298429e+064,6.7883032505e+064,2.0788582276e+064,1.1808746009e+064,1.9239909061e+064,3.4730832004e+065,3.1429065922e+065
4.2500000000e+001,1.4069127910e+065,1.8133481283e+064,1.6702062141e+065,1.1831686257e+064,8.9900439298e+064,1.1213091194e+065,8.9612687690e+064,8.1262220748e+064,3.0064214663e+065,1.0923408094e+065,5.5747434118e+064,8.5498848719e+064,1.5760286217e+066,1.5083178994e+066
4.3000000000e+001,6.9407422528e+065,8.2660894977e+064,8.2444592594e+065,6.5255148613e+064,4.2390729199e+065,5.2844928970e+065,4.2336854073e+065,3.7085970484e+065,1.4613151758e+066,5.0955290004e+065,2.6833206207e+065,3.8214985771e+065,7.3638069777e+066,8.0719484504e+066
4.3500000000e+001,3.2153087705e+066,3.9757411015e+065,4.0652493586e+066,3.2841273594e+065,2.0436010159e+066,2.5693973371e+066,1.8645551311e+066,1.6456186305e+066,7.2840215640e+066,2.4026593953e+066,1.0744660042e+066,1.7831867001e+066,3.2657373951e+067,3.8958511954e+067
4.4000000000e+001,1.6005528908e+067,2.0256756494e+066,1.9425645014e+067,1.5765146632e+066,1.0296355845e+067,1.2505129731e+067,9.0500570557e+066,7.8876214099e+066,3.1306055541e+067,1.2028475190e+067,5.3752463085e+066,8.8048879226e+066,1.4332283078e+068,2.1610238828e+068
4.4500000000e+001,8.5359241548e+067,9.3331250135e+066,1.0273116941e+068,7.0711356454e+066,4.7612540423e+067,5.7969456130e+067,4.2383773171e+067,3.3835462293e+067,1.3236928630e+068,5.4429452236e+067,2.5340920010e+067,3.6490265984e+067,6.7475829974e+068,1.0051187395e+069
4.5000000000e+001,4.0884461220e+068,4.8782976992e+067,4.6050250012e+068,3.1776851256e+067,2.4139649607e+068,2.9482738755e+068,1.7978748840e+068,1.6648396400e+068,6.2427577502e+068,2.5814610794e+068,1.0522877129e+068,1.6692307569e+068,3.2223736968e+069,4.6153136075e+069
4.5500000000e+001,1.8781984334e+069,2.3646496789e+068,2.1746105631e+069,1.5421518326e+068,1.1594899224e+069,1.3413137273e+069,8.1346469415e+068,7.1637967423e+068,2.7723268384e+069,1.1382023483e+069,4.5228530504e+068,7.3751837611e+068,1.5160703581e+070,2.0798972669e+070
4.6000000000e+001,9.3004839443e+069,1.0830731525e+069,1.0004073069e+070,7.2234138939e+068,5.0536456676e+069,6.2206555478e+069,3.3349688223e+069,3.2891728796e+069,1.2305452365e+070,5.1667034891e+069,2.0729750766e+069,3.2110206963e+069,6.7201140812e+070,8.7799236291e+070
4.6500000000e+001,4.0315476922e+070,4.4093040988e+069,4.8840801777e+070,3.1413045690e+069,2.3125988527e+070,2.6440537009e+070,1.5868406932e+070,1.6117426001e+070,5.4528261897e+070,2.3805263687e+070,9.1774257442e+069,1.3711072587e+070,3.0889863749e+071,4.0568969350e+071
4.7000000000e+001,1.8635632197e+071,2.1287949573e+070,2.4649147910e+071,1.3078550102e+070,1.0728578418e+071,1.2835366499e+071,7.4459100059e+070,7.1857800765e+070,2.4025910764e+071,1.0947533501e+071,3.7863011920e+070,5.6569782689e+070,1.4952004464e+072,1.8454098355e+072
4.7500000000e+001,8.1797575901e+071,1.0871137492e+071,1.0877466773e+072,5.5931524063e+070,4.6183903745e+071,6.2259728344e+071,2.9437870928e+071,3.0506526556e+071,1.0583317791e+072,5.0100619280e+071,1.6457964794e+071,2.3983377107e+071,6.8967161423e+072,9.1020844342e+072
4.8000000000e+001,3.5796086328e+072,5.3018600273e+071,5.0141297573e+072,2.3336100848e+071,2.1962978270e+072,2.9769818753e+072,1.2137552043e+072,1.3246900165e+072,4.1762389533e+072,2.2176962818e+072,7.4232677330e+071,9.0503389962e+071,3.1459775149e+073,4.1132275086e+073
4.8500000000e+001,1.6775339504e+073,2.7012423433e+072,2.2406401410e+073,1.0184685901e+072,1.1769419942e+073,1.3200628365e+073,4.4579488162e+072,6.0163370407e+072,1.8875894162e+073,8.8982157952e+072,3.4300244468e+072,4.0590594652e+072,1.4602831627e+074,1.8816928245e+074
4.9000000000e+001,7.9794135222e+073,1.2276845836e+073,9.7840873203e+073,4.3857576642e+072,5.6129634794e+073,5.6547038440e+073,1.9600633911e+073,2.8978683208e+073,8.9197528864e+073,4.4025047553e+073,1.4654152700e+073,2.0631659704e+073,6.0693417089e+074,8.2861997856e+074
4.9500000000e+001,3.3451627327e+074,5.8085881311e+073,4.3749179488e+074,1.7961281981e+073,2.5347501634e+074,2.0606256946e+074,9.6351565457e+073,1.3164356602e+074,4.7055954703e+074,1.9765208724e+074,6.9065429505e+073,1.0839103227e+074,2.5152546688e+075,3.7684069708e+075
5.0000000000e+001,1.5882431147e+075,2.6664533342e+074,2.1096735854e+075,7.5897965459e+073,1.0574839684e+075,9.1806695938e+074,5.3598449138e+074,6.2116634777e+074,2.4331646606e+075,8.6133910422e+074,3.2874643235e+074,6.0256463208e+074,1.0322084655e+076,1.5814466272e+076
5.0500000000e+001,8.1499879777e+075,1.1786639186e+075,9.1525733284e+075,3.6931667249e+074,4.5897497302e+075,4.0812204258e+075,2.7821304712e+075,2.5954866353e+075,1.1526142170e+076,4.1743505811e+075,1.5240466015e+075,3.3932530088e+075,4.8128556654e+076,7.6949165515e+076
5.1000000000e+001,3.3609937699e+076,4.8677427877e+075,3.7978060591e+076,1.8798033348e+075,1.9998918091e+076,1.9195065043e+076,1.2345093594e+076,1.0784172806e+076,5.5617453548e+076,2.1018691888e+076,8.2500016091e+075,1.6630707982e+076,2.1218673700e+077,3.9439577633e+077
5.1500000000e+001,1.4250789057e+077,2.2583143189e+076,1.8353480845e+077,1.0142629857e+076,8.3775166783e+076,8.3308384870e+076,5.8796538674e+076,4.6389788207e+076,2.7105774764e+077,1.1322583060e+077,4.2937135417e+076,9.2216728321e+076,9.8575671476e+077,1.9039500614e+078
5.2000000000e+001,6.3824285472e+077,1.0662612367e+077,8.4782294640e+077,5.5345502091e+076,4.5081281926e+077,3.7728061776e+077,3.0787960468e+077,2.1347543823e+077,1.3289998041e+078,5.9796868218e+077,2.1193578043e+077,4.9014842561e+077,5.0361133885e+078,1.0779652041e+079
5.2500000000e+001,2.9853029652e+078,6.1821219159e+077,4.1978542858e+078,2.6173490467e+077,2.2438082015e+078,1.7521152687e+078,1.5697380328e+078,1.0730334171e+078,6.8964215017e+078,3.1334392497e+078,1.0252045875e+078,2.3930201492e+078,2.6197713181e+079,5.4426703399e+079
5.3000000000e+001,1.7130221295e+079,3.5687244329e+078,2.0580022861e+079,1.2770269867e+078,1.1149268389e+079,7.8358295539e+078,7.6345611509e+078,5.7235604361e+078,3.4911878909e+079,1.7041940833e+079,5.2805125918e+078,1.1481370078e+079,1.1721049237e+080,2.6182302536e+080
5.3500000000e+001,8.1737124489e+079,1.8696540014e+079,1.0467891190e+080,6.2246050445e+078,5.7165363911e+079,3.9683903988e+079,3.7410084230e+079,2.9665130904e+079,1.6357640039e+080,9.1171136306e+079,2.6084216410e+079,5.2668999783e+079,5.9250096817e+080,1.2837710164e+081
5.4000000000e+001,4.3279921265e+080,8.6012304557e+079,5.1506718951e+080,3.0424879157e+079,2.5443381957e+080,2.1678492050e+080,1.8993560481e+080,1.5943115776e+080,7.2405550255e+080,4.5909172244e+080,1.2962520451e+080,2.4418425830e+080,3.0901573472e+081,6.7695776416e+081
5.4500000000e+001,2.2147587527e+081,4.1157681160e+080,3.0022100706e+081,1.4401378449e+080,1.2237393289e+081,1.0862490869e+081,9.6991013784e+080,8.7593950256e+080,3.6129895416e+081,2.2302486739e+081,6.3801619252e+080,1.1748485858e+081,1.4388815146e+082,3.7009741197e+082
5.5000000000e+001,1.0793509775e+082,1.8760502678e+081,1.4988042623e+082,6.6357238905e+080,6.0809841732e+081,5.0356639214e+081,4.4585790367e+081,4.0826709312e+081,1.8592498109e+082,1.1276526868e+082,2.9589527435e+081,5.4476853947e+081,7.4833674069e+082,1.5981523458e+083
5.5500000000e+001,4.8892208178e+082,8.8166999179e+081,7.8392603286e+082,3.4214207408e+081,2.9950015815e+082,2.3284000132e+082,2.2829937194e+082,1.8905677492e+082,9.4462101040e+082,5.7788309066e+082,1.2920004563e+082,2.7211494634e+082,3.8653272820e+083,7.6418462863e+083
5.6000000000e+001,2.4263559575e+083,4.7337754998e+082,4.3234505777e+083,1.6217126972e+082,1.4007716443e+083,1.1220448620e+083,1.1104367739e+083,8.4666803097e+082,4.3279606754e+083,2.7651520508e+083,6.2646241599e+082,1.2265476322e+083,2.0453062347e+084,3.7792460446e+084
5.6500000000e+001,1.1949347999e+084,2.3633897584e+083,1.9783959050e+084,8.5260313669e+082,6.7232384558e+083,5.6328843070e+083,5.3277809022e+083,4.2371810518e+083,2.0696885465e+084,1.3000876688e+084,3.0267633567e+083,5.6924271681e+083,1.0443514802e+085,1.8444020148e+085
5.7000000000e+001,5.9740408915e+084,1.0732780064e+084,9.0054316544e+084,4.3170239480e+083,2.9206583915e+084,3.1282611499e+084,2.7942560470e+084,1.9025793113e+084,1.0498202104e+085,6.0347936112e+084,1.2950057920e+084,2.2990995846e+084,5.0328674844e+085,8.0344780903e+085
5.7500000000e+001,3.2624725889e+085,5.6877913791e+084,4.6598279647e+085,2.1757700792e+084,1.3941438489e+085,1.6227486561e+085,1.3538810240e+085,8.7073957476e+084,4.8792233866e+085,2.8169425568e+085,6.6075422479e+084,1.2095313877e+085,2.3859616173e+086,3.6528801264e+086
5.8000000000e+001,1.5833110497e+086,2.7763126859e+085,2.2471124026e+086,9.5692355279e+084,6.6189318297e+085,8.6114588066e+085,6.5797356596e+085,3.9346258551e+085,2.3748253946e+086,1.3577353386e+086,3.1990402928e+085,6.0112608318e+085,1.2367339212e+087,1.6971558224e+087
5.8500000000e+001,8.0950053490e+086,1.3213606978e+086,1.0509366803e+087,4.0622833852e+085,3.1553188865e+086,4.1761496599e+086,3.2896180769e+086,1.7031532330e+086,1.1716823152e+087,6.0141442367e+086,1.2535545771e+086,3.0426743782e+086,6.2134454209e+087,8.1082878142e+087
5.9000000000e+001,3.4666925086e+087,6.9729272116e+086,5.0096997043e+087,1.8532226786e+086,1.4546844604e+087,2.1188007940e+087,1.5120266172e+087,8.3822912821e+086,5.6881619051e+087,2.8549277731e+087,5.6616457774e+086,1.4347428654e+087,2.9899979024e+088,3.8260260267e+088
5.9500000000e+001,1.6348671884e+088,3.4082673157e+087,2.3215404503e+088,8.8146244658e+086,6.9532985010e+087,1.0510965139e+088,7.6561267207e+087,4.1744082436e+087,2.9104789190e+088,1.2200579290e+088,2.6181140196e+087,7.3333514330e+087,1.3395264908e+089,1.7440673704e+089
6.0000000000e+001,7.5600071008e+088,1.6121477549e+088,1.1209824801e+089,3.8454475652e+087,3.4598746137e+088,5.3381740275e+088,3.3626539285e+088,1.8255621916e+088,1.3101032482e+089,5.4966046009e+088,1.1101822654e+088,3.5866283724e+088,6.5267634495e+089,8.6650661295e+089
6.0500000000e+001,3.3110152202e+089,7.0633622690e+088,5.2106770882e+089,1.6577483930e+088,1.6532430407e+089,2.5765964563e+089,1.5101771947e+089,8.9611101833e+088,5.9357690100e+089,2.7558715803e+089,5.1710758154e+088,1.7004870613e+089,2.9950687374e+090,4.2425425912e+090
6.1000000000e+001,1.6550802004e+090,3.0557257092e+089,2.4769860724e+090,7.2429487207e+088,7.3077132077e+089,1.1086131454e+090,7.0080604471e+089,4.2518097875e+089,2.3275966924e+090,1.2738440774e+090,2.2537529507e+089,6.5744782072e+089,1.4257110136e+091,2.1373134382e+091
6.1500000000e+001,7.5450455951e+090,1.4101271434e+090,1.1387708966e+091,3.7241333573e+089,3.2508637871e+090,4.9352315341e+090,3.3524859265e+090,2.1358158436e+090,1.0804880391e+091,6.4222469224e+090,9.3108422026e+089,2.7441295112e+090,5.9469038218e+091,9.3837627180e+091
6.2000000000e+001,3.4491128718e+091,6.6439188456e+090,4.9174917105e+091,1.7822801125e+090,1.5743192800e+091,2.3126772865e+091,1.3907582836e+091,9.9582932175e+090,5.2669115058e+091,2.6554432462e+091,4.3731815913e+090,1.1485127712e+091,2.6321291679e+092,4.2669237187e+092
6.2500000000e+001,1.6462760562e+092,2.8364723215e+091,2.2639556926e+092,8.0993018625e+090,7.6337084806e+091,1.0918378925e+092,6.5480115645e+091,4.9308566221e+091,2.4626055661e+092,1.1501001186e+092,1.8163858588e+091,4.7516956251e+091,1.2903478843e+093,1.9450876085e+093
6.3000000000e+001,8.1887772163e+092,1.2083641843e+092,1.0803378485e+093,3.4198538199e+091,3.4606920839e+092,5.3219672939e+092,2.8593535275e+092,2.3688943350e+092,1.1396557135e+093,5.4225778880e+092,7.4467507331e+091,2.0202916176e+092,6.0758963754e+093,9.1804990015e+093
6.3500000000e+001,3.8559912545e+093,5.4341639126e+092,5.4401946123e+093,1.3699467084e+092,1.6545566231e+093,2.2973334353e+093,1.1914943581e+093,1.0445575333e+093,6.1702403008e+093,2.4223887671e+093,3.5469817428e+092,1.0233709252e+093,2.7865992053e+094,4.2295999956e+094
6.4000000000e+001,1.7144162110e+094,2.7509935848e+093,2.7947778403e+094,6.2369161949e+092,7.0664484641e+093,9.3454086874e+093,5.1448143731e+093,4.4034821957e+093,2.9872794141e+094,1.0826314979e+094,1.7043023068e+093,4.9049498936e+093,1.1683055499e+095,1.9138417367e+095
6.4500000000e+001,7.6112681661e+094,1.2581735034e+094,1.2343448821e+095,2.6206096156e+093,3.1394337656e+094,4.3052413887e+094,2.2430223262e+094,2.0054612825e+094,1.6489349431e+095,4.3644144524e+094,8.1326051228e+093,2.4405627831e+094,4.7389320490e+095,9.1919540524e+095
6.5000000000e+001,3.5589108791e+095,5.0987529453e+094,5.3038645238e+095,1.1368329559e+094,1.4150552346e+095,1.9668105210e+095,1.1637954275e+095,9.5023066541e+094,8.1587966650e+095,2.1871315788e+095,3.8837695205e+094,1.2671604871e+095,2.1567795253e+096,4.0423514108e+096
6.5500000000e+001,1.6329374456e+096,2.4607492570e+095,2.5213681039e+096,4.4617507761e+094,6.1789173260e+095,8.9632541849e+095,5.4455493020e+095,4.2041257950e+095,4.0499796599e+096,1.1519510051e+096,2.1403121209e+095,5.9700091127e+095,1.0084241636e+097,2.1121339598e+097
6.6000000000e+001,8.0905185393e+096,1.1785053339e+096,1.2671306653e+097,2.1582437073e+095,3.1012097879e+096,4.0798284874e+096,2.9730583065e+096,1.9026278368e+096,1.8335265372e+097,5.6336547708e+096,1.1533635144e+096,2.7539762763e+096,4.8179927846e+097,1.0504164756e+098
6.6500000000e+001,3.4453615162e+097,5.5900754743e+096,5.4797128446e+097,1.0246104091e+096,1.6488665766e+097,1.8676922753e+097,1.6997923236e+097,8.5252405455e+096,9.4774135830e+097,2.9366206782e+097,6.4159322731e+096,1.3999013908e+097,2.3742585333e+098,5.3032767109e+098
6.7000000000e+001,1.6889605283e+098,2.9221682946e+097,2.4484592999e+098,4.8906273285e+096,9.7940247641e+097,7.3747719705e+097,8.5437048226e+097,4.7649663949e+097,4.8640484482e+098,1.3921943419e+098,3.2474686518e+097,6.9971322784e+097,1.3042457068e+099,2.5515772677e+099
6.7500000000e+001,7.1599802838e+098,1.4390799738e+098,1.0447735790e+099,2.4877668510e+097,5.0967831884e+098,3.0145688918e+098,4.0893333482e+098,2.5203570968e+098,2.4352478614e+099,6.7538251928e+098,1.6626404751e+098,3.5396304800e+098,6.0755105805e+099,1.2411030893e+100
6.8000000000e+001,3.4079250190e+099,6.1489585995e+098,4.6080909546e+099,1.2743190642e+098,2.6038712983e+099,1.4329563049e+099,2.1492586851e+099,1.0877129376e+099,1.0686924483e+100,3.0865999004e+099,8.6545172029e+098,1.4984223803e+099,2.6863566972e+100,6.0939858982e+100
6.8500000000e+001,1.8886218664e+100,3.1990056870e+099,2.5257540329e+100,6.3372542268e+098,1.2406906716e+100,5.7119004970e+099,1.0529850098e+100,5.2179996719e+099,5.3243947573e+100,1.5993298618e+100,3.6934928965e+099,8.0793215916e+099,1.2538515928e+101,2.8571065712e+101
6.9000000000e+001,9.6349650486e+100,1.5752215212e+100,1.3388022901e+101,3.4802625068e+099,6.1299194236e+100,2.3837951995e+100,5.5640846464e+100,2.7080361052e+100,2.6686429961e+101,7.3373401206e+100,1.6334932000e+100,3.9352430691e+100,6.0202110749e+101,1.5524832882e+102
6.9500000000e+001,4.6461588957e+101,7.2877432677e+100,6.1780914974e+101,1.8089626310e+100,3.0140781851e+101,1.1926873562e+101,2.4140397840e+101,1.3449218916e+101,1.2572659772e+102,3.2499908609e+101,8.0279801396e+100,1.7411269269e+101,2.8524044120e+102,7.2685070912e+102
7.0000000000e+001,2.1925175081e+102,3.9901866775e+101,2.9274533241e+102,9.5488421894e+100,1.2912729364e+102,5.6445097790e+101,1.2492049474e+102,7.0710140829e+101,5.1823202592e+102,1.5238624005e+102,3.8050387695e+101,8.5409767018e+101,1.4367762644e+103,3.5774316588e+103
7.0500000000e+001,1.0369613285e+103,1.7826851408e+102,1.4110413453e+103,4.9038289667e+101,6.5093697942e+102,2.8039546148e+102,5.9169849877e+102,3.5296224905e+102,2.6355068332e+103,7.4482224061e+102,1.7915430342e+102,4.2317465565e+102,6.8447698815e+103,1.7368806671e+104
7.1000000000e+001,5.5783839221e+103,9.6955958278e+102,6.1634686963e+103,2.4601631122e+102,3.0814178044e+103,1.5252304005e+103,2.6834463528e+103,1.6058537615e+103,1.1610009340e+104,3.8821175703e+103,8.0290124359e+102,2.0285283917e+103,3.3808782050e+104,6.9113238560e+104
7.1500000000e+001,2.9628440571e+104,4.9015552991e+103,3.3079562984e+104,1.1199961157e+103,1.2683679626e+104,7.5172574293e+103,1.3095059873e+104,7.0124678806e+103,5.0531319201e+104,1.9766189217e+104,4.0960085388e+103,9.2673863344e+103,1.5959565710e+105,3.3054232855e+105
7.2000000000e+001,1.4366342551e+105,2.1262316281e+104,1.7095625328e+105,5.0941305594e+103,5.7383489389e+104,3.8090236436e+104,6.2852726556e+104,3.3746584866e+104,2.0955531154e+105,9.2368799467e+104,2.0864546958e+104,4.5374130236e+104,7.7123488314e+105,1.5683555385e+106
7.2500000000e+001,7.2265255645e+105,1.0521628334e+105,7.5289746509e+105,2.3311364802e+104,2.9129828012e+105,2.0029133161e+105,3.0192180544e+105,1.5628490288e+105,1.0647422449e+106,4.3361832299e+105,9.7299870741e+104,2.1140739243e+105,3.3480600381e+106,6.7879006261e+106
7.3000000000e+001,3.4529739657e+106,5.1291627586e+105,3.3850131827e+106,1.0884684505e+105,1.3765422556e+106,9.1469041321e+105,1.1804337872e+106,7.8773792484e+105,5.2933494856e+106,2.1365562029e+106,4.9715416041e+105,9.8521566555e+105,1.6475478429e+107,3.3141774226e+107
7.3500000000e+001,1.6105025640e+107,2.3855852912e+106,1.7141165013e+107,5.3028140644e+105,6.8516176430e+106,4.2532502911e+106,4.8983824814e+106,3.6669775155e+106,2.3762992153e+107,1.0015300824e+107,2.3331469765e+106,3.8549609994e+106,7.9619598366e+107,1.6179482635e+108
7.4000000000e+001,7.9812925300e+107,1.2220238639e+107,7.9343708359e+107,2.5595782033e+106,3.1478945718e+107,2.1425128561e+107,2.2712266787e+107,1.5747033665e+107,1.0830901952e+108,4.3438044867e+107,1.0072686641e+107,1.8474430968e+107,3.8736756285e+108,7.3472256107e+108
7.4500000000e+001,3.7967737075e+108,5.9681538888e+107,3.7614805531e+108,1.1028259140e+107,1.4785186442e+108,1.1440663680e+108,1.0653350014e+108,7.9599858359e+107,5.1427028314e+108,1.8973395335e+108,4.8097177914e+107,8.9609453132e+107,1.7148739556e+109,3.7402194798e+109
7.5000000000e+001,1.7240666090e+109,2.8964047745e+108,1.8167160407e+109,5.5025416873e+107,6.5547747995e+108,5.8315953747e+108,4.2835396759e+108,3.8231000626e+108,2.3578080623e+109,9.5830288085e+108,2.3182252600e+108,4.4155166574e+108,8.2793433973e+109,1.8190865347e+110
7.5500000000e+001,8.1648065677e+109,1.3435973877e+109,8.8266795233e+109,2.4938213826e+108,3.1037379279e+109,2.5778670494e+109,1.8711757442e+109,1.7279107068e+109,1.0476787889e+110,4.0791069423e+109,1.1884486227e+109,2.1553174565e+109,3.7246294979e+110,9.0756236375e+110
7.6000000000e+001,3.7147633068e+110,6.4534739064e+109,4.1424633834e+110,1.0323781007e+109,1.5520354257e+110,1.3554890239e+110,7.4770005003e+109,6.9493491396e+109,5.2601158104e+110,1.8253626290e+110,4.9882970431e+109,9.3410037130e+109,1.8716195524e+111,4.0369828228e+111
7.6500000000e+001,1.8179368588e+111,2.9431765714e+110,1.9357160687e+111,4.7634034233e+109,7.4452284226e+110,6.9834972103e+110,3.4136614286e+110,3.3029149567e+110,2.5223598888e+111,9.0335772670e+110,2.2030558948e+110,4.3432007299e+110,8.3168008997e+111,1.8315805691e+112
7.7000000000e+001,9.0085206748e+111,1.3607268495e+111,8.4611993604e+111,2.5184159399e+110,3.5298070954e+111,3.8198864378e+111,1.5586887170e+111,1.4661087031e+111,1.2682818702e+112,3.9528080587e+111,9.6462291864e+110,1.9168510250e+111,4.1261552484e+112,7.8078098835e+112
7.7500000000e+001,4.4235355683e+112,6.2099497771e+111,3.7072801434e+112,1.1242135590e+111,1.4042640465e+112,1.8725752595e+112,6.1969828434e+111,6.3271519629e+111,5.9721216655e+112,1.5196102642e+112,4.4210334297e+111,7.5289022563e+111,1.8913540692e+113,3.3091999390e+113
7.8000000000e+001,2.0915221427e+113,2.8486017037e+112,1.7393230564e+113,5.3081833403e+111,6.7127913060e+112,8.1618459422e+112,2.5945426907e+112,2.8633538042e+112,2.8160325018e+113,7.5072894217e+112,2.0586803311e+112,3.4532520651e+112,8.7211481081e+113,1.6017183421e+114
7.8500000000e+001,9.8821503208e+113,1.0759004502e+113,7.4561479060e+113,2.7202785224e+112,2.9689594003e+113,3.9129207703e+113,1.3339205204e+113,1.2434955267e+113,1.2831944257e+114,3.8604695836e+113,1.0060362024e+113,1.5782769156e+113,4.5772127131e+114,6.7035585226e+114
7.9000000000e+001,4.6429376400e+114,4.8103781483e+113,3.3197684323e+114,1.2689742283e+113,1.3892012011e+114,1.9724781223e+114,6.6483649948e+113,5.5315255854e+113,5.2690269632e+114,1.8426227829e+114,4.3911778922e+113,8.1632844343e+113,2.0282916439e+115,2.7878584275e+115
7.9500000000e+001,1.8735330551e+115,2.1885690076e+114,1.5906725116e+115,5.0688777061e+113,6.6332969094e+114,9.4317873738e+114,3.3531624867e+114,2.6102497125e+114,2.4942038012e+115,8.3528981648e+114,2.2395205028e+114,3.4478258857e+114,8.6026810906e+115,1.2141038176e+116
8.0000000000e+001,7.8040783355e+115,9.6458861879e+114,8.6286890499e+115,2.1342679702e+114,3.2055914399e+115,4.1028294374e+115,1.7032821920e+115,1.1092568682e+115,1.1310552515e+116,4.1180669486e+115,1.0273817845e+115,1.7201479534e+115,3.7130574252e+116,5.8741056103e+116
8.0500000000e+001,3.2887735262e+116,4.2548393672e+115,4.0931155173e+116,8.8499364844e+114,1.5571437482e+116,2.0550112687e+116,9.7089994507e+115,4.7684579106e+115,5.7941223805e+116,2.2528138730e+116,5.5153880767e+115,8.5964745491e+115,1.7991659254e+117,2.6080966409e+117
8.1000000000e+001,1.4882490801e+117,2.0759711810e+116,1.9758404088e+117,4.2954628597e+115,7.2972400164e+116,9.4000293511e+116,4.7828129095e+116,2.0208989147e+116,3.0394719123e+117,1.2526546940e+117,2.9005801287e+116,4.7212468786e+116,8.9253034431e+117,1.2859761085e+118
8.1500000000e+001,6.5352131459e+117,1.0693408781e+117,8.8467408112e+117,2.2297526245e+116,3.8016995341e+117,4.5214755048e+117,2.5609477724e+117,8.7024833122e+116,1.4324807271e+118,6.8983954368e+117,1.5988567250e+117,2.3554410706e+117,4.0462229309e+118,6.7670042795e+118
8.2000000000e+001,3.2420421420e+118,5.0789897872e+117,4.0663801207e+118,1.0979713207e+117,2.0965289087e+118,1.9735552653e+118,1.2629743688e+118,4.0227467807e+117,7.5468596503e+118,3.6052132112e+118,7.6521833649e+117,1.1871532389e+118,2.1373552051e+119,3.8068784241e+119
8.2500000000e+001,1.7667731098e+119,2.4895558172e+118,1.5273585082e+119,5.8424623266e+117,1.1198674329e+119,8.3122558183e+118,6.2780586906e+118,2.1869054557e+118,3.5010856531e+119,1.7635275813e+119,3.4951456163e+118,5.7632710627e+118,1.1242773769e+120,1.9536370426e+120
8.3000000000e+001,9.4390369701e+119,1.1942352476e+119,7.8193344877e+119,3.0468287474e+118,5.6320868630e+119,4.0736403835e+119,3.1229027246e+119,1.1898430653e+119,1.7127351686e+120,8.4220187174e+119,1.7786761867e+119,2.8448831038e+119,5.6748579166e+120,1.0357774705e+121
8.3500000000e+001,4.8669292805e+120,5.7562231959e+119,4.4399814319e+120,1.4266898508e+119,2.8437146561e+120,1.7071380868e+120,1.3201168364e+120,5.9325736290e+119,9.1764264472e+120,3.8475391566e+120,7.8672648752e+119,1.3735376671e+120,2.5883509839e+121,5.2986391491e+121
8.4000000000e+001,2.2050207846e+121,2.9259126697e+120,2.2773089170e+121,6.5648800888e+119,1.3872202732e+121,7.6465534332e+120,6.7100657706e+120,3.1377378422e+120,4.6748422540e+121,2.0282425998e+121,3.8134321455e+120,7.2650358510e+120,1.2782032311e+122,3.1318318452e+122
8.4500000000e+001,1.1039044008e+122,1.3713588511e+121,1.1206023237e+122,2.8785091956e+120,6.2868569437e+121,3.4759243506e+121,3.1612222091e+121,1.7176928189e+121,2.3580166797e+122,1.0200887740e+122,2.0038875118e+121,3.6398771311e+121,6.7769180252e+122,1.6008956030e+123
8.5000000000e+001,6.0652507874e+122,6.3031953022e+121,5.5634427816e+122,1.4457947524e+121,3.2438923375e+122,1.6626682271e+122,1.4884436617e+122,8.9538702846e+121,1.1106733846e+123,5.1617194541e+122,8.2854061107e+121,1.8037577777e+122,3.5959400158e+123,8.8463307309e+123
8.5500000000e+001,3.0181798552e+123,3.0618629318e+122,2.5170132266e+123,6.8827858628e+121,1.6498226791e+123,7.5430528962e+122,7.0984452480e+122,4.2261805554e+122,5.8078588204e+123,2.5065576829e+123,3.9146619313e+122,8.9916014682e+122,1.8815196843e+124,4.6782264321e+124
8.6000000000e+001,1.5368917079e+124,1.4055578684e+123,1.3111593776e+124,3.1585108800e+122,7.9553665555e+123,3.7918286959e+123,3.2948752014e+123,2.2280514331e+123,2.6535436030e+124,1.2104399746e+124,2.0036948846e+123,4.3303929409e+123,1.0477333996e+125,2.3701066540e+125
8.6500000000e+001,8.2544028446e+124,6.3906754989e+123,6.2180590290e+124,1.5762604168e+123,3.8026531288e+124,2.0115570827e+124,1.4806854703e+124,1.0977010811e+124,1.2409759650e+125,5.3691622986e+124,1.0140630413e+124,2.0999973848e+124,4.8980036499e+125,1.2464931370e+126
8.7000000000e+001,4.2696833312e+125,3.3341636363e+124,3.1509783294e+125,7.7758933529e+123,1.9573415087e+125,9.1892819369e+124,7.3732595372e+124,5.4126593454e+124,5.7228501484e+125,2.5315661739e+125,5.0133942300e+124,1.0622359337e+125,2.2813305384e+126,6.0602983237e+126
8.7500000000e+001,1.9053185605e+126,1.7787364152e+125,1.3833420312e+126,4.1542115954e+124,9.5240959600e+125,3.6905126329e+125,3.4764418873e+125,2.5665756171e+125,2.9559104369e+126,1.2671211639e+126,2.5019284307e+125,4.8762922181e+125,1.0802867816e+127,2.7108520765e+127
8.8000000000e+001,9.2253255844e+126,9.0904807943e+125,6.0559093620e+126,2.0732871860e+125,4.7150658179e+126,1.7326172449e+126,1.8031289873e+126,1.2339738852e+126,1.4032495586e+127,5.5644775377e+126,1.1440399096e+126,2.3469515887e+126,5.1120769644e+127,1.2614291800e+128
8.8500000000e+001,4.2517699966e+127,4.3590765631e+126,3.0516372541e+127,9.3989674582e+125,2.2342518176e+127,8.4402262787e+126,8.0009244264e+126,6.3103597138e+126,7.1743383529e+127,2.4926931385e+127,5.3544699045e+126,9.7582827909e+126,2.5429358756e+128,5.9276743071e+128
8.9000000000e+001,1.7564980462e+128,2.2037390380e+127,1.3417369739e+128,4.2223269932e+126,1.1062241015e+128,4.1102140749e+127,3.5046888484e+127,3.0487727603e+127,3.1842328615e+128,1.1758815025e+128,2.4210919558e+127,4.7390700864e+127,1.1855708667e+129,2.7096870951e+129
8.9500000000e+001,8.6904718612e+128,1.0306937968e+128,5.5522671397e+128,2.0958142165e+127,5.5455894691e+128,2.0744453688e+128,1.5471553562e+128,1.4702984975e+128,1.5692612697e+129,5.2175495536e+128,1.0768852647e+128,2.2966240140e+128,5.4498500345e+129,1.2426335157e+130
9.0000000000e+001,4.3669781715e+129,4.1122112644e+128,2.6622963917e+129,9.5722567964e+127,2.4424946949e+129,1.0738996420e+129,6.7870946313e+128,6.4806399276e+128,6.8987562080e+129,2.1712372701e+129,4.9723090417e+128,1.0756617990e+129,2.6916043503e+130,5.3929096056e+130
9.0500000000e+001,1.8757379471e+130,1.8789648422e+129,1.2714456690e+130,4.1983906011e+128,1.0677733004e+130,5.0977484436e+129,2.8824560869e+129,3.1256321293e+129,2.8627071375e+130,9.6671840286e+129,2.0353301317e+129,5.4145998128e+129,1.2925750849e+131,2.6961844209e+131
9.1000000000e+001,8.6072350523e+130,8.5574482892e+129,6.7176965018e+130,1.9009099444e+129,4.8627258592e+130,2.3994335314e+130,1.3761623751e+130,1.4111619192e+130,1.2387571233e+131,4.7773934269e+130,8.5652048982e+129,2.4560768874e+130,6.4166861591e+131,1.2618626747e+132
9.1500000000e+001,4.1695604303e+131,3.8324035886e+130,3.1525114721e+131,9.0188658340e+129,2.0085339189e+131,1.1081327539e+131,6.3930545831e+130,6.3009584824e+130,5.6384936607e+131,2.2164473907e+131,3.9921582952e+130,1.2277624076e+131,2.9745991595e+132,5.9440378265e+132
9.2000000000e+001,1.8621813848e+132,1.8574864687e+131,1.4384034564e+132,3.9508795706e+130,8.9859991635e+131,5.7396906286e+131,3.4105475833e+131,2.7429618706e+131,2.5430333583e+132,9.7257290518e+131,1.7793429266e+131,5.4570527143e+131,1.1972468990e+133,2.4086878719e+133
9.2500000000e+001,8.1263642927e+132,8.5332142051e+131,6.5405866486e+132,1.7293879577e+131,3.9781504425e+132,2.9571923237e+132,1.7820019874e+132,1.3242948788e+132,1.0307287263e+133,4.6564928109e+132,8.2116301570e+131,2.4514682715e+132,5.5029569247e+133,1.1416929355e+134
9.3000000000e+001,3.3138696852e+133,3.5746804157e+132,3.3254176461e+133,8.4152235231e+131,1.7242832547e+133,1.4057525802e+133,8.8304838882e+132,6.7428483124e+132,4.6745468285e+133,2.0500901587e+133,3.7655809791e+132,1.0346694890e+133,2.6729406842e+134,4.9744913683e+134
9.3500000000e+001,1.6252257450e+134,1.5271000735e+133,1.6603749876e+134,3.9202766344e+132,7.8770993485e+133,6.1703697535e+133,3.9124783946e+133,2.8140791323e+133,1.7983696021e+134,9.1446761272e+133,1.7520523950e+133,4.1962198998e+133,1.2082656099e+135,2.3403640533e+135
9.4000000000e+001,6.8736389175e+134,7.3820301795e+133,7.5337273176e+134,1.5970085526e+133,3.8091842573e+134,2.7082391246e+134,1.9264184607e+134,1.2952486427e+134,7.5857908965e+134,3.7764284644e+134,7.8023474537e+133,1.8024383204e+134,5.2249047000e+135,1.0241615589e+136
9.4500000000e+001,3.1403670738e+135,3.1716871658e+134,3.1563600078e+135,8.3614025232e+133,1.8824321986e+135,1.1924019016e+135,9.7980958740e+134,5.7116840329e+134,3.2701725511e+135,1.9621815529e+135,3.8812191134e+134,7.8139640286e+134,2.3882262889e+136,4.7137033081e+136
9.5000000000e+001,1.2411249616e+136,1.3533706686e+135,1.4699041540e+136,3.8064869928e+134,9.6626123123e+135,5.2316254894e+135,4.4932258532e+135,2.7101023927e+135,1.7354920440e+136,1.0535004418e+136,2.0312094320e+135,3.7944856620e+135,1.1000165999e+137,2.5240159060e+137
9.5500000000e+001,4.8979554533e+136,5.8703076489e+135,5.4914705358e+136,1.8632867210e+135,4.6561623069e+136,2.4713832650e+136,2.2451265577e+136,1.4776193817e+136,8.8368218105e+136,5.4058831907e+136,1.0116136736e+136,1.8609245872e+136,5.2644111761e+137,1.2706886957e+138
9.6000000000e+001,2.2279329072e+137,2.8737923061e+136,2.3570714392e+137,8.3160518908e+135,2.4700024956e+137,1.1117042835e+137,1.1514420955e+137,7.4841878839e+136,4.5422322669e+137,2.5481543518e+137,4.8253091808e+136,1.0124174503e+137,2.5204578859e+138,6.4054957732e+138
9.6500000000e+001,1.0670987919e+138,1.6285911115e+137,1.0947509641e+138,4.5848343459e+136,1.3255865500e+138,4.7534335739e+137,5.7127202377e+137,4.0867737803e+137,2.3946824796e+138,1.1482296826e+138,2.6116251961e+137,5.5753035342e+137,1.3536013455e+139,3.0978312814e+139
9.7000000000e+001,5.6886940771e+138,8.1025881356e+137,4.5292166355e+138,2.3678861054e+137,6.7711537071e+138,2.0875015526e+138,2.7182224391e+138,1.9178072103e+138,1.1634828574e+139,4.9150088997e+138,1.3611448929e+138,2.6036064219e+138,6.4500550487e+139,1.6729330904e+140
9.7500000000e+001,2.9072375632e+139,4.2110858227e+138,2.1336490574e+139,1.2136130101e+138,3.6890086053e+139,9.2334846556e+138,1.2033282221e+139,9.0021968553e+138,5.7424510489e+139,2.3561518156e+139,6.5612243456e+138,1.3305137863e+139,3.2068964524e+140,8.5439067492e+140
9.8000000000e+001,1.3979963082e+140,1.9654107282e+139,1.1327747981e+140,6.3834301586e+138,1.8337440150e+140,3.5499981997e+139,5.4644457409e+139,5.2495372753e+139,2.6584236177e+140,1.2639099460e+140,3.6452961947e+139,6.9152445544e+139,1.6530852178e+141,4.7842892939e+141
9.8500000000e+001,7.4077393401e+140,9.1105042627e+139,5.6845032827e+140,3.1751224387e+139,8.0303251460e+140,1.5508290414e+140,2.3962620631e+140,2.5403675094e+140,1.0997243067e+141,6.6424286470e+140,1.5912670817e+140,3.4577533140e+140,9.3611464460e+141,2.5252863040e+142
9.9000000000e+001,3.6635085657e+141,4.8751624593e+140,3.1242263497e+141,1.5938280414e+140,4.0931397411e+141,8.4204511763e+140,1.3071874022e+141,1.2347918251e+141,5.5521490889e+141,3.3151923929e+141,7.2374473420e+140,1.8020984571e+141,4.2870584952e+142,1.3060758483e+143
9.9500000000e+001,1.7741802953e+142,2.6972316929e+141,1.7573733422e+142,7.5978571367e+140,2.0595259621e+142,4.0647257192e+141,6.1462176650e+141,5.3428997405e+141,2.7584674667e+142,1.4808579557e+142,3.3339646031e+141,8.6335249491e+141,2.0623490494e+143,6.1788157691e+143
1.0000000000e+002,8.7965683148e+142,1.3146189086e+142,8.7295396629e+142,3.2786864298e+141,1.0166471109e+143,1.9952679829e+142,2.9802022544e+142,2.7557855958e+142,1.3749777234e+143,6.9451051532e+142,1.5435806127e+142,3.8394687011e+142,9.9912083598e+143,2.6568680698e+144
1.0050000000e+002,4.2694914965e+143,6.0350407335e+142,4.4730493579e+143,1.6664329198e+142,4.8947975914e+143,9.5111858252e+142,1.4162200509e+143,1.4372859424e+143,7.4446563218e+143,3.7062955778e+143,7.8894511444e+142,1.9867880211e+143,4.7417323056e+144,1.2931035656e+145
1.0100000000e+002,2.0184141850e+144,3.2287554008e+143,2.3349714472e+144,7.5570146659e+142,2.1492342843e+144,4.7132809467e+143,6.7398076669e+143,6.8293360247e+143,3.8870239530e+144,1.7476572840e+144,3.7205408269e+143,9.9189574424e+143,2.1928695512e+145,6.1446180316e+145
1.0150000000e+002,1.0667720180e+145,1.5451918304e+144,1.1273411924e+145,3.8848941274e+143,8.6650583910e+144,2.5816920883e+144,2.8079509103e+144,3.5634934643e+144,1.7970156855e+145,7.9373536204e+144,1.7855969809e+144,4.6532868904e+144,1.0781925928e+146,3.0783738923e+146
1.0200000000e+002,5.2159582830e+145,6.6543844989e+144,5.4184113019e+145,1.9425698932e+144,4.1818812466e+145,1.2239199826e+145,1.1639139292e+145,1.7708763492e+145,8.7244885193e+145,4.1028404203e+145,7.6723309991e+144,2.1263150248e+145,5.4677887163e+146,1.5167246016e+147
1.0250000000e+002,2.8968197754e+146,3.1754758540e+145,2.5198904812e+146,8.5120649558e+144,1.8550730049e+146,5.8861193354e+145,5.2407672205e+145,8.3273355742e+145,4.3966123686e+146,2.0479486333e+146,3.3049272512e+145,1.0209736386e+146,2.6541340650e+147,7.8585340330e+147
1.0300000000e+002,1.5336742004e+147,1.4359779402e+146,1.1386686791e+147,4.0128305638e+145,8.2440516712e+146,2.9282913929e+146,2.3709882127e+146,3.9643942787e+146,1.9988750240e+147,9.3861005522e+146,1.4754211062e+146,4.5780887467e+146,1.3390588766e+148,3.6516954631e+148
1.0350000000e+002,7.2986573827e+147,6.5908278358e+146,5.2607107236e+147,2.1093723843e+146,4.2757137759e+147,1.2496235983e+147,1.0363609160e+147,1.8537066528e+147,9.4688004130e+147,4.3666861446e+147,7.3037015642e+146,2.2988359731e+147,6.3028880622e+148,1.6261847106e+149
1.0400000000e+002,3.5469769016e+148,2.9854361798e+147,2.7494113930e+148,9.7951954526e+146,1.8133632588e+148,6.4407651132e+147,4.6703308967e+147,8.8480305422e+147,4.4910137347e+148,2.0577105276e+148,3.0767596406e+147,1.0370536888e+148,2.9098838553e+149,7.7026928129e+149
1.0450000000e+002,1.6225237535e+149,1.2079316641e+148,1.2595702600e+149,4.5302741724e+147,8.5214084461e+148,3.0239808572e+148,2.2658363032e+148,4.1447124532e+148,1.8510668477e+149,9.8218741526e+148,1.3310509952e+148,4.9979334310e+148,1.1542714553e+150,3.7048336333e+150
1.0500000000e+002,7.8799294701e+149,5.7281620278e+148,5.8818599578e+149,2.0446885846e+148,3.8527579174e+149,1.4678190370e+149,9.4993444349e+148,1.8968229837e+149,8.0975234492e+149,4.6234344692e+149,6.0778902531e+148,2.3485066765e+149,5.1065216898e+150,1.7202582657e+151
1.0550000000e+002,3.8816971711e+150,2.4891677531e+149,2.7985384787e+150,9.9606168926e+148,1.7392960277e+150,7.3163391007e+149,3.8297814182e+149,9.1472384326e+149,3.6422813058e+150,2.0947696245e+150,2.8320923855e+149,1